{
    "name": "root",
    "gauges": {
        "EscapeRoomAgent.Policy.Entropy.mean": {
            "value": 0.5293927788734436,
            "min": 0.428766667842865,
            "max": 2.481766939163208,
            "count": 41
        },
        "EscapeRoomAgent.Policy.Entropy.sum": {
            "value": 10605.85546875,
            "min": 8517.87890625,
            "max": 51074.765625,
            "count": 41
        },
        "EscapeRoomAgent.Environment.EpisodeLength.mean": {
            "value": 20.45668449197861,
            "min": 19.66390899689762,
            "max": 117.42857142857143,
            "count": 41
        },
        "EscapeRoomAgent.Environment.EpisodeLength.sum": {
            "value": 19127.0,
            "min": 18907.0,
            "max": 20745.0,
            "count": 41
        },
        "EscapeRoomAgent.Step.mean": {
            "value": 819951.0,
            "min": 19997.0,
            "max": 819951.0,
            "count": 41
        },
        "EscapeRoomAgent.Step.sum": {
            "value": 819951.0,
            "min": 19997.0,
            "max": 819951.0,
            "count": 41
        },
        "EscapeRoomAgent.Policy.ExtrinsicValueEstimate.mean": {
            "value": 0.947130024433136,
            "min": -0.2941896617412567,
            "max": 0.984889566898346,
            "count": 41
        },
        "EscapeRoomAgent.Policy.ExtrinsicValueEstimate.sum": {
            "value": 896.93212890625,
            "min": -150.03672790527344,
            "max": 960.267333984375,
            "count": 41
        },
        "EscapeRoomAgent.Environment.CumulativeReward.mean": {
            "value": 1.2271412517616456,
            "min": -0.4710100959760673,
            "max": 1.2418647447662536,
            "count": 41
        },
        "EscapeRoomAgent.Environment.CumulativeReward.sum": {
            "value": 1147.3770703971386,
            "min": -186.51999800652266,
            "max": 1202.1250729337335,
            "count": 41
        },
        "EscapeRoomAgent.Policy.ExtrinsicReward.mean": {
            "value": 1.2271412517616456,
            "min": -0.4710100959760673,
            "max": 1.2418647447662536,
            "count": 41
        },
        "EscapeRoomAgent.Policy.ExtrinsicReward.sum": {
            "value": 1147.3770703971386,
            "min": -186.51999800652266,
            "max": 1202.1250729337335,
            "count": 41
        },
        "EscapeRoomAgent.Losses.PolicyLoss.mean": {
            "value": 0.24138551359793942,
            "min": 0.23817033055993747,
            "max": 0.24988305020227958,
            "count": 41
        },
        "EscapeRoomAgent.Losses.PolicyLoss.sum": {
            "value": 42.00107936604146,
            "min": 26.52968902779296,
            "max": 43.14897000610761,
            "count": 41
        },
        "EscapeRoomAgent.Losses.ValueLoss.mean": {
            "value": 0.029968474436180968,
            "min": 0.006259907021471358,
            "max": 0.10957036586055016,
            "count": 41
        },
        "EscapeRoomAgent.Losses.ValueLoss.sum": {
            "value": 5.214514551895489,
            "min": 0.682329865340378,
            "max": 16.216414147361423,
            "count": 41
        },
        "EscapeRoomAgent.Policy.LearningRate.mean": {
            "value": 0.00013800929192795514,
            "min": 0.00013800929192795514,
            "max": 0.0002974171274664623,
            "count": 41
        },
        "EscapeRoomAgent.Policy.LearningRate.sum": {
            "value": 0.024013616795464196,
            "min": 0.024013616795464196,
            "max": 0.04410256029914666,
            "count": 41
        },
        "EscapeRoomAgent.Policy.Epsilon.mean": {
            "value": 0.14600307931034487,
            "min": 0.14600307931034487,
            "max": 0.19913904220183484,
            "count": 41
        },
        "EscapeRoomAgent.Policy.Epsilon.sum": {
            "value": 25.404535800000005,
            "min": 21.7061556,
            "max": 31.121950800000004,
            "count": 41
        },
        "EscapeRoomAgent.Policy.Beta.mean": {
            "value": 0.0005000000000000001,
            "min": 0.0005000000000000001,
            "max": 0.0005000000000000002,
            "count": 41
        },
        "EscapeRoomAgent.Policy.Beta.sum": {
            "value": 0.08700000000000002,
            "min": 0.05450000000000002,
            "max": 0.08750000000000002,
            "count": 41
        },
        "EscapeRoomAgent.IsTraining.mean": {
            "value": 1.0,
            "min": 1.0,
            "max": 1.0,
            "count": 41
        },
        "EscapeRoomAgent.IsTraining.sum": {
            "value": 1.0,
            "min": 1.0,
            "max": 1.0,
            "count": 41
        }
    },
    "metadata": {
        "timer_format_version": "0.1.0",
        "start_time_seconds": "1701639246",
        "python_version": "3.10.11 (tags/v3.10.11:7d4cc5a, Apr  5 2023, 00:38:17) [MSC v.1929 64 bit (AMD64)]",
        "command_line_arguments": "D:\\Luca\\UNI\\AIProgramming\\MLAgentsSandbox\\venv\\Scripts\\mlagents-learn config\\EscapeRoom1.yaml --run-id=EscapeRoom11",
        "mlagents_version": "1.1.0.dev0",
        "mlagents_envs_version": "1.1.0.dev0",
        "communication_protocol_version": "1.5.0",
        "pytorch_version": "2.1.1+cpu",
        "numpy_version": "1.23.5",
        "end_time_seconds": "1701642489"
    },
    "total": 3242.952520599996,
    "count": 1,
    "self": 10.005194899975322,
    "children": {
        "run_training.setup": {
            "total": 0.08457560004899278,
            "count": 1,
            "self": 0.08457560004899278
        },
        "TrainerController.start_learning": {
            "total": 3232.862750099972,
            "count": 1,
            "self": 0.9711749019334093,
            "children": {
                "TrainerController._reset_env": {
                    "total": 10.38937829999486,
                    "count": 1,
                    "self": 10.38937829999486
                },
                "TrainerController.advance": {
                    "total": 3221.425477298093,
                    "count": 43806,
                    "self": 0.8264023062656634,
                    "children": {
                        "env_step": {
                            "total": 1714.835219298955,
                            "count": 43806,
                            "self": 1677.9093702986138,
                            "children": {
                                "SubprocessEnvManager._take_step": {
                                    "total": 36.37955060240347,
                                    "count": 43806,
                                    "self": 1.5213042044779286,
                                    "children": {
                                        "TorchPolicy.evaluate": {
                                            "total": 34.85824639792554,
                                            "count": 19721,
                                            "self": 34.85824639792554
                                        }
                                    }
                                },
                                "workers": {
                                    "total": 0.5462983979377896,
                                    "count": 43805,
                                    "self": 0.0,
                                    "children": {
                                        "worker_root": {
                                            "total": 3215.8518450921983,
                                            "count": 43805,
                                            "is_parallel": true,
                                            "self": 1604.4675412885845,
                                            "children": {
                                                "steps_from_proto": {
                                                    "total": 0.0020253999973647296,