{"count":1,"self":1304.7309312,"total":3218.2018109,"children":{"InitializeActuators":{"count":42,"self":0.0030015,"total":0.0030015,"children":null},"InitializeSensors":{"count":42,"self":0.0029942999999999997,"total":0.0029942999999999997,"children":null},"AgentSendState":{"count":157784,"self":67.948864,"total":121.3586019,"children":{"CollectObservations":{"count":828366,"self":1.5817539999999999,"total":1.5817539999999999,"children":null},"WriteActionMask":{"count":828366,"self":1.455558,"total":1.455558,"children":null},"RequestDecision":{"count":828366,"self":6.6169208,"total":50.3724233,"children":{"AgentInfo.ToProto":{"count":828366,"self":4.0740935999999994,"total":43.7555027,"children":{"GenerateSensorData":{"count":828366,"self":32.713363199999996,"total":39.681409099999996,"children":{"RayPerceptionSensor.Perceive":{"count":2485098,"self":6.9680463999999995,"total":6.9680462999999992,"children":null}}}}}}}}},"DecideAction":{"count":157784,"self":1788.00128,"total":1788.0013626999998,"children":null},"AgentAct":{"count":157784,"self":1.4855585,"total":1.5664068,"children":{"AgentInfo.ToProto":{"count":1144,"self":0.0050793,"total":0.0808483,"children":{"GenerateSensorData":{"count":1144,"self":0.0647375,"total":0.075769,"children":{"RayPerceptionSensor.Perceive":{"count":3432,"self":0.0110315,"total":0.0110315,"children":null}}}}}}},"AgentInfo.ToProto":{"count":29459,"self":0.48364239999999997,"total":2.5364739999999997,"children":{"GenerateSensorData":{"count":29459,"self":1.6359932,"total":2.0528315999999998,"children":{"RayPerceptionSensor.Perceive":{"count":88377,"self":0.4168384,"total":0.4168384,"children":null}}}}}},"gauges":{"EscapeRoomAgent.CumulativeReward":{"count":30603,"max":1.28500021,"min":-4.54499769,"runningAverage":1.11865747,"value":1.20500016,"weightedAverage":1.25412917}},"metadata":{"timer_format_version":"0.1.0","start_time_seconds":"1701639256","unity_version":"2022.3.13f1","command_line_arguments":"C:\\Program Files\\Unity\\Hub\\Editor\\2022.3.13f1\\Editor\\Unity.exe -projectpath D:\\Luca\\UNI\\AIProgramming\\MLAgentsSandbox -useHub -hubIPC -cloudEnvironment production -licensingIpc LicenseClient-berti -hubSessionId 129540cb-ab8d-4b8c-93e6-f1e1ae15751f","communication_protocol_version":"1.5.0","com.unity.ml-agents_version":"2.0.1","scene_name":"LearningEscapeRoom1","end_time_seconds":"1701642474"}}