{"count":1,"self":1459.4356223999998,"total":3174.5941331,"children":{"InitializeActuators":{"count":42,"self":0.00098669999999999986,"total":0.00098669999999999986,"children":null},"InitializeSensors":{"count":42,"self":0.0039894,"total":0.0039894,"children":null},"AgentSendState":{"count":152634,"self":72.5384256,"total":134.1326804,"children":{"CollectObservations":{"count":801360,"self":2.503024,"total":2.5030239,"children":null},"WriteActionMask":{"count":801360,"self":1.6780156,"total":1.6780154999999999,"children":null},"RequestDecision":{"count":801360,"self":7.3306688,"total":57.413215699999995,"children":{"AgentInfo.ToProto":{"count":801360,"self":4.4435316,"total":50.0825469,"children":{"GenerateSensorData":{"count":801360,"self":38.2983232,"total":45.639015199999996,"children":{"RayPerceptionSensor.Perceive":{"count":2404080,"self":7.3406911999999993,"total":7.3406915999999995,"children":null}}}}}}}}},"DecideAction":{"count":152634,"self":1578.8469248,"total":1578.8468785,"children":null},"AgentAct":{"count":152634,"self":1.5494645999999999,"total":2.0990753,"children":{"AgentInfo.ToProto":{"count":6003,"self":0.0560277,"total":0.5496107,"children":{"GenerateSensorData":{"count":6003,"self":0.43350639999999996,"total":0.493583,"children":{"RayPerceptionSensor.Perceive":{"count":18009,"self":0.060076599999999994,"total":0.060076599999999994,"children":null}}}}}}},"AgentInfo.ToProto":{"count":699,"self":0.0159908,"total":0.073862299999999992,"children":{"GenerateSensorData":{"count":699,"self":0.0468672,"total":0.0578715,"children":{"RayPerceptionSensor.Perceive":{"count":2097,"self":0.0110043,"total":0.0110043,"children":null}}}}}},"gauges":{"EscapeRoomAgent.CumulativeReward":{"count":6702,"max":1.21800017,"min":-5.54999161,"runningAverage":0.09374962,"value":0.175000414,"weightedAverage":0.174962044}},"metadata":{"timer_format_version":"0.1.0","start_time_seconds":"1701711209","unity_version":"2022.3.13f1","command_line_arguments":"C:\\Program Files\\Unity\\Hub\\Editor\\2022.3.13f1\\Editor\\Unity.exe -projectpath D:\\Luca\\UNI\\AIProgramming\\MLAgentsSandbox -useHub -hubIPC -cloudEnvironment production -licensingIpc LicenseClient-berti -hubSessionId 1281b588-1e70-4914-9ffe-a3165fd58f15","communication_protocol_version":"1.5.0","com.unity.ml-agents_version":"2.0.1","scene_name":"LearningEscapeRoom1","end_time_seconds":"1701714384"}}