{"count":1,"self":1175.4503167999999,"total":2838.1276992999997,"children":{"InitializeActuators":{"count":42,"self":0.0019998999999999998,"total":0.0019998999999999998,"children":null},"InitializeSensors":{"count":42,"self":0.0050002,"total":0.0050002,"children":null},"AgentSendState":{"count":152534,"self":62.2720384,"total":114.1208935,"children":{"CollectObservations":{"count":800814,"self":1.5133542,"total":1.5133542,"children":null},"WriteActionMask":{"count":800814,"self":1.4307413,"total":1.4307413,"children":null},"RequestDecision":{"count":800814,"self":6.2172687999999994,"total":48.9047572,"children":{"AgentInfo.ToProto":{"count":800814,"self":3.9575964,"total":42.6874882,"children":{"GenerateSensorData":{"count":800814,"self":32.0502144,"total":38.7298919,"children":{"RayPerceptionSensor.Perceive":{"count":2402442,"self":6.6796767999999993,"total":6.679677,"children":null}}}}}}}}},"DecideAction":{"count":152534,"self":1546.2084608,"total":1546.2085049999998,"children":null},"AgentAct":{"count":152534,"self":1.403022,"total":1.6201431,"children":{"AgentInfo.ToProto":{"count":2834,"self":0.0262312,"total":0.21712109999999998,"children":{"GenerateSensorData":{"count":2834,"self":0.1574012,"total":0.1908899,"children":{"RayPerceptionSensor.Perceive":{"count":8502,"self":0.033488699999999996,"total":0.033488699999999996,"children":null}}}}}}},"AgentInfo.ToProto":{"count":8453,"self":0.1369231,"total":0.7157734,"children":{"GenerateSensorData":{"count":8453,"self":0.47516509999999995,"total":0.57885029999999993,"children":{"RayPerceptionSensor.Perceive":{"count":25359,"self":0.10368519999999999,"total":0.10368519999999999,"children":null}}}}}},"gauges":{"EscapeRoomAgent.CumulativeReward":{"count":11287,"max":1.26500022,"min":-4.19,"runningAverage":0.7840217,"value":1.25500035,"weightedAverage":1.25268471}},"metadata":{"timer_format_version":"0.1.0","start_time_seconds":"1701728999","unity_version":"2022.3.13f1","command_line_arguments":"C:\\Program Files\\Unity\\Hub\\Editor\\2022.3.13f1\\Editor\\Unity.exe -projectpath D:\\Luca\\UNI\\AIProgramming\\MLAgentsSandbox -useHub -hubIPC -cloudEnvironment production -licensingIpc LicenseClient-berti -hubSessionId 1281b588-1e70-4914-9ffe-a3165fd58f15","communication_protocol_version":"1.5.0","com.unity.ml-agents_version":"2.0.1","scene_name":"LearningEscapeRoom2","end_time_seconds":"1701731837"}}