{"count":1,"self":7137.4610432,"total":8177.3923528,"children":{"InitializeActuators":{"count":16,"self":0.0009998,"total":0.0009998,"children":null},"InitializeSensors":{"count":16,"self":0.0030396999999999998,"total":0.0030396999999999998,"children":null},"AgentSendState":{"count":201510,"self":42.701952,"total":84.040464,"children":{"CollectObservations":{"count":403024,"self":0.9414849,"total":0.9414849,"children":null},"WriteActionMask":{"count":403024,"self":0.7334776,"total":0.7334776,"children":null},"RequestDecision":{"count":403024,"self":3.6939944,"total":39.66355,"children":{"AgentInfo.ToProto":{"count":403024,"self":2.316188,"total":35.9695554,"children":{"GenerateSensorData":{"count":403024,"self":28.4675488,"total":33.6533673,"children":{"RayPerceptionSensor.Perceive":{"count":1209072,"self":5.1858184,"total":5.1858182999999993,"children":null}}}}}}}}},"DecideAction":{"count":201510,"self":953.77407999999991,"total":953.77402969999991,"children":null},"AgentAct":{"count":201510,"self":1.0473966,"total":1.1092065,"children":{"AgentInfo.ToProto":{"count":544,"self":0.0029961,"total":0.061809899999999994,"children":{"GenerateSensorData":{"count":544,"self":0.049816099999999995,"total":0.0588138,"children":{"RayPerceptionSensor.Perceive":{"count":1632,"self":0.0089976999999999991,"total":0.0089976999999999991,"children":null}}}}}}},"AgentInfo.ToProto":{"count":8069,"self":0.13606379999999998,"total":1.0014034,"children":{"GenerateSensorData":{"count":8069,"self":0.7334242,"total":0.8653396,"children":{"RayPerceptionSensor.Perceive":{"count":24207,"self":0.1319154,"total":0.1319154,"children":null}}}}}},"gauges":{"EscapeRoomAgent.CumulativeReward":{"count":8613,"max":1.27400029,"min":-10.6629992,"runningAverage":1.08991957,"value":1.26800036,"weightedAverage":1.26606536}},"metadata":{"timer_format_version":"0.1.0","start_time_seconds":"1702317338","unity_version":"2022.3.13f1","command_line_arguments":"C:\\Program Files\\Unity\\Hub\\Editor\\2022.3.13f1\\Editor\\Unity.exe -projectpath D:\\Luca\\UNI\\AIProgramming\\MLAgentsSandbox -useHub -hubIPC -cloudEnvironment production -licensingIpc LicenseClient-berti -hubSessionId ee6c1596-72ea-46f8-b72d-4da4e1a87569","communication_protocol_version":"1.5.0","com.unity.ml-agents_version":"2.0.1","scene_name":"LearningEscapeRoom2","end_time_seconds":"1702325516"}}